Seed,RMSE,MAE,R2
20,187.24354160645663,149.28424775093077,0.8534188490840906
30,180.24500228374876,143.71793281661635,0.8641715024444554
42,190.36161471163598,162.33046974851297,0.8484963160104408
