forecast,actual
2505.58642578125,2369.0
2097.265625,2006.0
2524.5078125,2859.0
2375.0546875,2258.0
1277.109375,1024.0
2444.15625,2158.0
2465.6259765625,2438.0
2379.30517578125,2242.0
2024.703125,2002.0
2579.7578125,2358.0
2223.0546875,2161.0
1199.109375,1212.0
2300.90625,2414.0
2495.8603515625,2627.0
2380.14892578125,2645.0
1998.203125,2037.0
2489.5078125,2479.0
2270.6796875,2093.0
1273.859375,968.0
2287.90625,2086.0
2413.0166015625,2418.0
