seed,rmse,mae,r2
20,187.24354160645663,149.28424775093077,0.8534188490840906
