seed,rmse,mae,r2
42,190.36161471163598,162.33046974851297,0.8484963160104408
