Seed,RMSE,MAE,R2
20,169.60787475703606,143.54454694475447,0.9012969129897136
30,170.35840521412317,150.7927478608631,0.9004214397511991
42,180.762863489458,161.8432820638021,0.8878867000118447
