seed,rmse,mae,r2
30,180.24500228374876,143.71793281661635,0.8641715024444554
