rmse,mae,r2
196.443077632976,158.67247517480766,0.8675926266956031
